-- --------------------------------------------------------
-- 호스트:                          j8a104.p.ssafy.io
-- 서버 버전:                        10.11.2-MariaDB-1:10.11.2+maria~ubu2204 - mariadb.org binary distribution
-- 서버 OS:                        debian-linux-gnu
-- HeidiSQL 버전:                  11.3.0.6295
-- --------------------------------------------------------

/*!40101 SET @OLD_CHARACTER_SET_CLIENT=@@CHARACTER_SET_CLIENT */;
/*!40101 SET NAMES utf8 */;
/*!50503 SET NAMES utf8mb4 */;
/*!40014 SET @OLD_FOREIGN_KEY_CHECKS=@@FOREIGN_KEY_CHECKS, FOREIGN_KEY_CHECKS=0 */;
/*!40101 SET @OLD_SQL_MODE=@@SQL_MODE, SQL_MODE='NO_AUTO_VALUE_ON_ZERO' */;
/*!40111 SET @OLD_SQL_NOTES=@@SQL_NOTES, SQL_NOTES=0 */;


-- voda 데이터베이스 구조 내보내기
CREATE DATABASE IF NOT EXISTS `voda` /*!40100 DEFAULT CHARACTER SET utf8mb4 COLLATE utf8mb4_general_ci */;
USE `voda`;

-- 테이블 voda.calendar 구조 내보내기
CREATE TABLE IF NOT EXISTS `calendar` (
  `calendar_seq` bigint(20) NOT NULL AUTO_INCREMENT,
  `mod_dtm` datetime(6) DEFAULT current_timestamp(6),
  `reg_dtm` datetime(6) DEFAULT current_timestamp(6),
  `day` date NOT NULL,
  `emotion_idx` int(11) DEFAULT NULL,
  `user_seq` bigint(20) NOT NULL,
  PRIMARY KEY (`calendar_seq`),
  KEY `FK1ukjvil91ypyi9kcvcxpvohjp` (`emotion_idx`),
  KEY `FKkti5lpctts3bvfxi0iemodw57` (`user_seq`),
  CONSTRAINT `FK1ukjvil91ypyi9kcvcxpvohjp` FOREIGN KEY (`emotion_idx`) REFERENCES `emotion` (`emotion_idx`),
  CONSTRAINT `FKkti5lpctts3bvfxi0iemodw57` FOREIGN KEY (`user_seq`) REFERENCES `user` (`user_seq`)
) ENGINE=InnoDB AUTO_INCREMENT=139 DEFAULT CHARSET=utf8mb4 COLLATE=utf8mb4_general_ci;

-- 테이블 데이터 voda.calendar:~83 rows (대략적) 내보내기
/*!40000 ALTER TABLE `calendar` DISABLE KEYS */;
INSERT INTO `calendar` (`calendar_seq`, `mod_dtm`, `reg_dtm`, `day`, `emotion_idx`, `user_seq`) VALUES
	(2, NULL, '2023-04-05 07:59:39.000000', '2023-04-05', NULL, 1),
	(3, '2023-04-05 08:04:06.000000', '2023-04-05 08:01:50.000000', '2023-04-05', 3, 4),
	(4, '2023-04-05 08:33:13.000000', '2023-04-05 08:33:12.000000', '2023-04-05', 3, 3),
	(6, '2023-04-05 08:45:55.000000', '2023-04-05 08:45:55.000000', '2023-01-02', 3, 3),
	(7, '2023-04-05 08:45:55.000000', '2023-04-05 08:45:55.000000', '2023-01-03', 2, 3),
	(8, '2023-04-05 08:45:55.000000', '2023-04-05 08:45:55.000000', '2023-01-04', 0, 3),
	(9, '2023-04-05 08:45:55.000000', '2023-04-05 08:45:55.000000', '2023-01-05', 2, 3),
	(10, '2023-04-05 08:45:55.000000', '2023-04-05 08:45:55.000000', '2023-01-06', 4, 3),
	(11, '2023-04-05 08:45:55.000000', '2023-04-05 08:45:55.000000', '2023-01-07', 4, 3),
	(12, '2023-04-05 08:45:55.000000', '2023-04-05 08:45:55.000000', '2023-01-08', 2, 3),
	(13, '2023-04-05 08:45:55.000000', '2023-04-05 08:45:55.000000', '2023-01-09', 0, 3),
	(15, '2023-04-05 08:45:55.000000', '2023-04-05 08:45:55.000000', '2023-01-11', 0, 3),
	(16, '2023-04-05 08:45:55.000000', '2023-04-05 08:45:55.000000', '2023-01-12', 3, 3),
	(17, '2023-04-05 08:45:55.000000', '2023-04-05 08:45:55.000000', '2023-01-13', 1, 3),
	(18, '2023-04-05 08:45:55.000000', '2023-04-05 08:45:55.000000', '2023-01-14', 0, 3),
	(19, '2023-04-05 08:45:55.000000', '2023-04-05 08:45:55.000000', '2023-01-15', 2, 3),
	(20, '2023-04-05 08:45:55.000000', '2023-04-05 08:45:55.000000', '2023-01-16', 0, 3),
	(21, '2023-04-05 08:45:55.000000', '2023-04-05 08:45:55.000000', '2023-01-17', 1, 3),
	(22, '2023-04-05 08:45:55.000000', '2023-04-05 08:45:55.000000', '2023-01-18', 2, 3),
	(24, '2023-04-05 08:45:55.000000', '2023-04-05 08:45:55.000000', '2023-01-20', 1, 3),
	(25, '2023-04-05 08:45:55.000000', '2023-04-05 08:45:55.000000', '2023-01-21', 3, 3),
	(26, '2023-04-05 08:45:55.000000', '2023-04-05 08:45:55.000000', '2023-01-22', 0, 3),
	(27, '2023-04-05 08:45:55.000000', '2023-04-05 08:45:55.000000', '2023-01-23', 2, 3),
	(28, '2023-04-05 08:45:55.000000', '2023-04-05 08:45:55.000000', '2023-01-24', 1, 3),
	(29, '2023-04-05 08:45:55.000000', '2023-04-05 08:45:55.000000', '2023-01-25', 0, 3),
	(31, '2023-04-05 08:45:55.000000', '2023-04-05 08:45:55.000000', '2023-01-27', 4, 3),
	(32, '2023-04-05 08:45:55.000000', '2023-04-05 08:45:55.000000', '2023-01-28', 0, 3),
	(33, '2023-04-05 08:45:55.000000', '2023-04-05 08:45:55.000000', '2023-01-29', 4, 3),
	(36, '2023-04-05 08:45:55.000000', '2023-04-05 08:45:55.000000', '2023-02-02', 2, 3),
	(37, '2023-04-05 08:45:55.000000', '2023-04-05 08:45:55.000000', '2023-02-03', 0, 3),
	(38, '2023-04-05 08:45:55.000000', '2023-04-05 08:45:55.000000', '2023-02-04', 0, 3),
	(40, '2023-04-05 08:45:55.000000', '2023-04-05 08:45:55.000000', '2023-02-06', 2, 3),
	(42, '2023-04-05 08:45:55.000000', '2023-04-05 08:45:55.000000', '2023-02-08', 0, 3),
	(43, '2023-04-05 08:45:55.000000', '2023-04-05 08:45:55.000000', '2023-02-09', 4, 3),
	(44, '2023-04-05 08:45:55.000000', '2023-04-05 08:45:55.000000', '2023-02-10', 2, 3),
	(45, '2023-04-05 08:45:55.000000', '2023-04-05 08:45:55.000000', '2023-02-11', 2, 3),
	(46, '2023-04-05 08:45:55.000000', '2023-04-05 08:45:55.000000', '2023-02-12', 0, 3),
	(47, '2023-04-05 08:45:55.000000', '2023-04-05 08:45:55.000000', '2023-02-13', 3, 3),
	(48, '2023-04-05 08:45:55.000000', '2023-04-05 08:45:55.000000', '2023-02-14', 2, 3),
	(49, '2023-04-05 08:45:55.000000', '2023-04-05 08:45:55.000000', '2023-02-15', 0, 3),
	(51, '2023-04-05 08:45:55.000000', '2023-04-05 08:45:55.000000', '2023-02-17', 0, 3),
	(52, '2023-04-05 08:45:55.000000', '2023-04-05 08:45:55.000000', '2023-02-18', 3, 3),
	(53, '2023-04-05 08:45:55.000000', '2023-04-05 08:45:55.000000', '2023-02-19', 4, 3),
	(54, '2023-04-05 08:45:55.000000', '2023-04-05 08:45:55.000000', '2023-02-20', 1, 3),
	(55, '2023-04-05 08:45:55.000000', '2023-04-05 08:45:55.000000', '2023-02-21', 1, 3),
	(58, '2023-04-05 08:45:55.000000', '2023-04-05 08:45:55.000000', '2023-02-24', 3, 3),
	(59, '2023-04-05 08:45:55.000000', '2023-04-05 08:45:55.000000', '2023-02-25', 1, 3),
	(60, '2023-04-05 08:45:55.000000', '2023-04-05 08:45:55.000000', '2023-02-26', 0, 3),
	(61, '2023-04-05 08:45:55.000000', '2023-04-05 08:45:55.000000', '2023-02-27', 4, 3),
	(62, '2023-04-05 08:45:55.000000', '2023-04-05 08:45:55.000000', '2023-02-28', 4, 3),
	(63, '2023-04-05 08:45:55.000000', '2023-04-05 08:45:55.000000', '2023-03-01', 3, 3),
	(64, '2023-04-05 08:45:55.000000', '2023-04-05 08:45:55.000000', '2023-03-02', 1, 3),
	(65, '2023-04-05 08:45:55.000000', '2023-04-05 08:45:55.000000', '2023-03-03', 3, 3),
	(66, '2023-04-05 08:45:55.000000', '2023-04-05 08:45:55.000000', '2023-03-04', 0, 3),
	(69, '2023-04-05 08:45:55.000000', '2023-04-05 08:45:55.000000', '2023-03-07', 0, 3),
	(70, '2023-04-05 08:45:55.000000', '2023-04-05 08:45:55.000000', '2023-03-08', 1, 3),
	(72, '2023-04-05 08:45:55.000000', '2023-04-05 08:45:55.000000', '2023-03-10', 4, 3),
	(74, '2023-04-05 08:45:55.000000', '2023-04-05 08:45:55.000000', '2023-03-12', 0, 3),
	(76, '2023-04-05 08:45:55.000000', '2023-04-05 08:45:55.000000', '2023-03-14', 3, 3),
	(78, '2023-04-05 08:45:55.000000', '2023-04-05 08:45:55.000000', '2023-03-16', 1, 3),
	(79, '2023-04-05 08:45:55.000000', '2023-04-05 08:45:55.000000', '2023-03-17', 0, 3),
	(80, '2023-04-05 08:45:55.000000', '2023-04-05 08:45:55.000000', '2023-03-18', 4, 3),
	(81, '2023-04-05 08:45:55.000000', '2023-04-05 08:45:55.000000', '2023-03-19', 1, 3),
	(84, '2023-04-05 08:45:55.000000', '2023-04-05 08:45:55.000000', '2023-03-22', 4, 3),
	(85, '2023-04-05 08:45:55.000000', '2023-04-05 08:45:55.000000', '2023-03-23', 0, 3),
	(86, '2023-04-05 08:45:55.000000', '2023-04-05 08:45:55.000000', '2023-03-24', 1, 3),
	(87, '2023-04-05 08:45:55.000000', '2023-04-05 08:45:55.000000', '2023-03-25', 4, 3),
	(88, '2023-04-05 08:45:55.000000', '2023-04-05 08:45:55.000000', '2023-03-26', 4, 3),
	(89, '2023-04-05 08:45:55.000000', '2023-04-05 08:45:55.000000', '2023-03-27', 2, 3),
	(90, '2023-04-05 08:45:55.000000', '2023-04-05 08:45:55.000000', '2023-03-28', 0, 3),
	(91, '2023-04-05 08:45:55.000000', '2023-04-05 08:45:55.000000', '2023-03-29', 3, 3),
	(92, '2023-04-05 08:45:55.000000', '2023-04-05 08:45:55.000000', '2023-03-30', 4, 3),
	(93, '2023-04-05 08:45:55.000000', '2023-04-05 08:45:55.000000', '2023-04-01', 4, 3),
	(95, '2023-04-05 08:45:55.000000', '2023-04-05 08:45:55.000000', '2023-04-03', 2, 3),
	(96, '2023-04-05 08:45:55.000000', '2023-04-05 08:45:55.000000', '2023-04-04', 0, 3),
	(124, '2023-04-05 08:47:51.000000', '2023-04-05 08:47:49.000000', '2023-04-05', 4, 6),
	(125, '2023-04-05 13:18:04.000000', '2023-04-05 08:52:50.000000', '2023-04-05', 4, 2),
	(127, '2023-04-06 04:24:38.000000', '2023-04-06 04:24:36.000000', '2023-04-06', 4, 4),
	(128, '2023-04-06 08:13:44.000000', '2023-04-06 05:51:37.000000', '2023-04-06', 0, 3),
	(129, NULL, NULL, '2023-04-02', 4, 2),
	(130, NULL, NULL, '2023-04-02', 4, 3),
	(131, '2023-04-06 09:16:52.000000', '2023-04-06 09:16:50.000000', '2023-04-06', 2, 5),
	(138, '2023-04-06 11:00:29.967885', '2023-04-06 11:00:29.000000', '2023-04-06', 4, 3);
/*!40000 ALTER TABLE `calendar` ENABLE KEYS */;

-- 테이블 voda.daily_emotion 구조 내보내기
CREATE TABLE IF NOT EXISTS `daily_emotion` (
  `daily_emotion_seq` bigint(20) NOT NULL AUTO_INCREMENT,
  `mod_dtm` datetime(6) DEFAULT current_timestamp(6),
  `reg_dtm` datetime(6) DEFAULT current_timestamp(6),
  `cnt` int(11) DEFAULT 0,
  `day` date NOT NULL,
  `emotion_idx` int(11) DEFAULT NULL,
  `user_seq` bigint(20) NOT NULL,
  PRIMARY KEY (`daily_emotion_seq`),
  KEY `FKi7tkljh8jxskwey91p85v2enr` (`emotion_idx`),
  KEY `FK3xeyxaa63r9qbrc6xyegj06cy` (`user_seq`),
  CONSTRAINT `FK3xeyxaa63r9qbrc6xyegj06cy` FOREIGN KEY (`user_seq`) REFERENCES `user` (`user_seq`),
  CONSTRAINT `FKi7tkljh8jxskwey91p85v2enr` FOREIGN KEY (`emotion_idx`) REFERENCES `emotion` (`emotion_idx`)
) ENGINE=InnoDB AUTO_INCREMENT=632 DEFAULT CHARSET=utf8mb4 COLLATE=utf8mb4_general_ci;

-- 테이블 데이터 voda.daily_emotion:~619 rows (대략적) 내보내기
/*!40000 ALTER TABLE `daily_emotion` DISABLE KEYS */;
INSERT INTO `daily_emotion` (`daily_emotion_seq`, `mod_dtm`, `reg_dtm`, `cnt`, `day`, `emotion_idx`, `user_seq`) VALUES
	(3, NULL, '2023-04-05 08:04:04.000000', 0, '2023-04-05', 0, 4),
	(4, NULL, '2023-04-05 08:04:04.000000', 0, '2023-04-05', 1, 4),
	(5, '2023-04-05 08:04:06.000000', '2023-04-05 08:04:04.000000', 1, '2023-04-05', 2, 4),
	(6, '2023-04-05 08:04:06.000000', '2023-04-05 08:04:04.000000', 2, '2023-04-05', 3, 4),
	(7, NULL, '2023-04-05 08:04:04.000000', 0, '2023-04-05', 4, 4),
	(8, '2023-04-05 08:33:13.000000', '2023-04-05 08:33:12.000000', 1, '2023-04-05', 0, 3),
	(9, NULL, '2023-04-05 08:33:12.000000', 0, '2023-04-05', 1, 3),
	(10, NULL, '2023-04-05 08:33:12.000000', 0, '2023-04-05', 2, 3),
	(11, '2023-04-05 08:33:13.000000', '2023-04-05 08:33:12.000000', 2, '2023-04-05', 3, 3),
	(12, NULL, '2023-04-05 08:33:12.000000', 0, '2023-04-05', 4, 3),
	(18, NULL, '2023-04-05 08:47:49.000000', 0, '2023-04-05', 0, 6),
	(19, NULL, '2023-04-05 08:47:49.000000', 0, '2023-04-05', 1, 6),
	(20, NULL, '2023-04-05 08:47:49.000000', 0, '2023-04-05', 2, 6),
	(21, NULL, '2023-04-05 08:47:49.000000', 0, '2023-04-05', 3, 6),
	(22, '2023-04-05 08:47:51.000000', '2023-04-05 08:47:49.000000', 1, '2023-04-05', 4, 6),
	(23, '2023-04-05 13:18:04.000000', '2023-04-05 08:52:50.000000', 4, '2023-04-05', 0, 2),
	(24, NULL, '2023-04-05 08:52:50.000000', 0, '2023-04-05', 1, 2),
	(25, '2023-04-05 13:14:15.000000', '2023-04-05 08:52:50.000000', 2, '2023-04-05', 2, 2),
	(26, '2023-04-05 08:53:48.000000', '2023-04-05 08:52:50.000000', 2, '2023-04-05', 3, 2),
	(27, '2023-04-05 13:17:23.000000', '2023-04-05 08:52:50.000000', 4, '2023-04-05', 4, 2),
	(28, NULL, NULL, 1, '2023-01-02', 0, 3),
	(29, NULL, NULL, 7, '2023-01-03', 0, 3),
	(30, NULL, NULL, 7, '2023-01-04', 0, 3),
	(31, NULL, NULL, 4, '2023-01-05', 0, 3),
	(32, NULL, NULL, 3, '2023-01-06', 0, 3),
	(33, NULL, NULL, 4, '2023-01-07', 0, 3),
	(34, NULL, NULL, 2, '2023-01-08', 0, 3),
	(35, NULL, NULL, 9, '2023-01-09', 0, 3),
	(36, NULL, NULL, 8, '2023-01-10', 0, 3),
	(37, NULL, NULL, 1, '2023-01-11', 0, 3),
	(38, NULL, NULL, 9, '2023-01-12', 0, 3),
	(39, NULL, NULL, 7, '2023-01-13', 0, 3),
	(40, NULL, NULL, 9, '2023-01-14', 0, 3),
	(41, NULL, NULL, 8, '2023-01-15', 0, 3),
	(42, NULL, NULL, 3, '2023-01-16', 0, 3),
	(43, NULL, NULL, 9, '2023-01-17', 0, 3),
	(44, NULL, NULL, 7, '2023-01-18', 0, 3),
	(45, NULL, NULL, 6, '2023-01-19', 0, 3),
	(46, NULL, NULL, 1, '2023-01-20', 0, 3),
	(47, NULL, NULL, 4, '2023-01-21', 0, 3),
	(48, NULL, NULL, 4, '2023-01-22', 0, 3),
	(49, NULL, NULL, 9, '2023-01-23', 0, 3),
	(50, NULL, NULL, 9, '2023-01-24', 0, 3),
	(51, NULL, NULL, 1, '2023-01-25', 0, 3),
	(52, NULL, NULL, 4, '2023-01-26', 0, 3),
	(53, NULL, NULL, 5, '2023-01-27', 0, 3),
	(54, NULL, NULL, 4, '2023-01-28', 0, 3),
	(55, NULL, NULL, 7, '2023-01-29', 0, 3),
	(56, NULL, NULL, 1, '2023-01-30', 0, 3),
	(57, NULL, NULL, 5, '2023-02-01', 0, 3),
	(58, NULL, NULL, 7, '2023-02-02', 0, 3),
	(59, NULL, NULL, 2, '2023-02-03', 0, 3),
	(60, NULL, NULL, 8, '2023-02-04', 0, 3),
	(61, NULL, NULL, 6, '2023-02-05', 0, 3),
	(62, NULL, NULL, 4, '2023-02-06', 0, 3),
	(63, NULL, NULL, 4, '2023-02-07', 0, 3),
	(64, NULL, NULL, 4, '2023-02-08', 0, 3),
	(65, NULL, NULL, 4, '2023-02-09', 0, 3),
	(66, NULL, NULL, 6, '2023-02-10', 0, 3),
	(67, NULL, NULL, 1, '2023-02-11', 0, 3),
	(68, NULL, NULL, 4, '2023-02-12', 0, 3),
	(69, NULL, NULL, 8, '2023-02-13', 0, 3),
	(70, NULL, NULL, 5, '2023-02-14', 0, 3),
	(71, NULL, NULL, 3, '2023-02-15', 0, 3),
	(72, NULL, NULL, 3, '2023-02-16', 0, 3),
	(73, NULL, NULL, 8, '2023-02-17', 0, 3),
	(74, NULL, NULL, 5, '2023-02-18', 0, 3),
	(75, NULL, NULL, 1, '2023-02-19', 0, 3),
	(76, NULL, NULL, 8, '2023-02-20', 0, 3),
	(77, NULL, NULL, 5, '2023-02-21', 0, 3),
	(78, NULL, NULL, 5, '2023-02-22', 0, 3),
	(79, NULL, NULL, 1, '2023-02-23', 0, 3),
	(80, NULL, NULL, 2, '2023-02-24', 0, 3),
	(81, NULL, NULL, 2, '2023-02-25', 0, 3),
	(82, NULL, NULL, 7, '2023-02-26', 0, 3),
	(83, NULL, NULL, 3, '2023-02-27', 0, 3),
	(84, NULL, NULL, 5, '2023-02-28', 0, 3),
	(85, NULL, NULL, 1, '2023-03-01', 0, 3),
	(86, NULL, NULL, 1, '2023-03-02', 0, 3),
	(87, NULL, NULL, 6, '2023-03-03', 0, 3),
	(88, NULL, NULL, 3, '2023-03-04', 0, 3),
	(89, NULL, NULL, 6, '2023-03-05', 0, 3),
	(90, NULL, NULL, 7, '2023-03-06', 0, 3),
	(91, NULL, NULL, 7, '2023-03-07', 0, 3),
	(92, NULL, NULL, 7, '2023-03-08', 0, 3),
	(93, NULL, NULL, 5, '2023-03-09', 0, 3),
	(94, NULL, NULL, 6, '2023-03-10', 0, 3),
	(95, NULL, NULL, 6, '2023-03-11', 0, 3),
	(96, NULL, NULL, 2, '2023-03-12', 0, 3),
	(97, NULL, NULL, 4, '2023-03-13', 0, 3),
	(98, NULL, NULL, 8, '2023-03-14', 0, 3),
	(99, NULL, NULL, 2, '2023-03-15', 0, 3),
	(100, NULL, NULL, 3, '2023-03-16', 0, 3),
	(101, NULL, NULL, 7, '2023-03-17', 0, 3),
	(102, NULL, NULL, 3, '2023-03-18', 0, 3),
	(103, NULL, NULL, 8, '2023-03-19', 0, 3),
	(104, NULL, NULL, 4, '2023-03-20', 0, 3),
	(105, NULL, NULL, 5, '2023-03-21', 0, 3),
	(106, NULL, NULL, 4, '2023-03-22', 0, 3),
	(107, NULL, NULL, 9, '2023-03-23', 0, 3),
	(108, NULL, NULL, 6, '2023-03-24', 0, 3),
	(109, NULL, NULL, 4, '2023-03-25', 0, 3),
	(110, NULL, NULL, 8, '2023-03-26', 0, 3),
	(111, NULL, NULL, 8, '2023-03-27', 0, 3),
	(112, NULL, NULL, 2, '2023-03-28', 0, 3),
	(113, NULL, NULL, 3, '2023-03-29', 0, 3),
	(114, NULL, NULL, 8, '2023-03-30', 0, 3),
	(115, NULL, NULL, 6, '2023-04-01', 0, 3),
	(116, NULL, NULL, 2, '2023-04-02', 0, 3),
	(117, NULL, NULL, 7, '2023-04-03', 0, 3),
	(118, NULL, NULL, 8, '2023-04-04', 0, 3),
	(119, NULL, NULL, 4, '2023-04-05', 0, 3),
	(120, NULL, NULL, 9, '2023-04-06', 0, 3),
	(121, NULL, NULL, 9, '2023-04-07', 0, 3),
	(122, NULL, NULL, 4, '2023-04-08', 0, 3),
	(123, NULL, NULL, 7, '2023-04-09', 0, 3),
	(124, NULL, NULL, 5, '2023-04-10', 0, 3),
	(125, NULL, NULL, 9, '2023-04-11', 0, 3),
	(126, NULL, NULL, 2, '2023-04-12', 0, 3),
	(127, NULL, NULL, 8, '2023-04-13', 0, 3),
	(128, NULL, NULL, 1, '2023-04-14', 0, 3),
	(129, NULL, NULL, 3, '2023-04-15', 0, 3),
	(130, NULL, NULL, 3, '2023-04-16', 0, 3),
	(131, NULL, NULL, 1, '2023-04-17', 0, 3),
	(132, NULL, NULL, 8, '2023-04-18', 0, 3),
	(133, NULL, NULL, 6, '2023-04-19', 0, 3),
	(134, NULL, NULL, 3, '2023-04-20', 0, 3),
	(135, NULL, NULL, 7, '2023-04-21', 0, 3),
	(136, NULL, NULL, 5, '2023-04-22', 0, 3),
	(137, NULL, NULL, 4, '2023-04-23', 0, 3),
	(138, NULL, NULL, 2, '2023-04-24', 0, 3),
	(139, NULL, NULL, 6, '2023-04-25', 0, 3),
	(140, NULL, NULL, 2, '2023-04-26', 0, 3),
	(141, NULL, NULL, 1, '2023-04-27', 0, 3),
	(142, NULL, NULL, 9, '2023-04-28', 0, 3),
	(143, NULL, NULL, 9, '2023-04-29', 0, 3),
	(144, NULL, NULL, 3, '2023-04-30', 0, 3),
	(145, NULL, NULL, 3, '2023-01-01', 1, 3),
	(146, NULL, NULL, 2, '2023-01-02', 1, 3),
	(147, NULL, NULL, 5, '2023-01-03', 1, 3),
	(148, NULL, NULL, 1, '2023-01-04', 1, 3),
	(149, NULL, NULL, 9, '2023-01-05', 1, 3),
	(150, NULL, NULL, 6, '2023-01-06', 1, 3),
	(151, NULL, NULL, 4, '2023-01-07', 1, 3),
	(152, NULL, NULL, 5, '2023-01-08', 1, 3),
	(153, NULL, NULL, 2, '2023-01-09', 1, 3),
	(154, NULL, NULL, 3, '2023-01-10', 1, 3),
	(155, NULL, NULL, 7, '2023-01-11', 1, 3),
	(156, NULL, NULL, 8, '2023-01-12', 1, 3),
	(157, NULL, NULL, 7, '2023-01-13', 1, 3),
	(158, NULL, NULL, 3, '2023-01-14', 1, 3),
	(159, NULL, NULL, 6, '2023-01-15', 1, 3),
	(160, NULL, NULL, 6, '2023-01-16', 1, 3),
	(161, NULL, NULL, 6, '2023-01-17', 1, 3),
	(162, NULL, NULL, 9, '2023-01-18', 1, 3),
	(163, NULL, NULL, 3, '2023-01-19', 1, 3),
	(164, NULL, NULL, 9, '2023-01-20', 1, 3),
	(165, NULL, NULL, 1, '2023-01-21', 1, 3),
	(166, NULL, NULL, 4, '2023-01-22', 1, 3),
	(167, NULL, NULL, 6, '2023-01-23', 1, 3),
	(168, NULL, NULL, 4, '2023-01-24', 1, 3),
	(169, NULL, NULL, 7, '2023-01-25', 1, 3),
	(170, NULL, NULL, 2, '2023-01-26', 1, 3),
	(171, NULL, NULL, 3, '2023-01-27', 1, 3),
	(172, NULL, NULL, 2, '2023-01-28', 1, 3),
	(173, NULL, NULL, 8, '2023-01-29', 1, 3),
	(174, NULL, NULL, 6, '2023-01-30', 1, 3),
	(175, NULL, NULL, 4, '2023-02-01', 1, 3),
	(176, NULL, NULL, 7, '2023-02-02', 1, 3),
	(177, NULL, NULL, 2, '2023-02-03', 1, 3),
	(178, NULL, NULL, 3, '2023-02-04', 1, 3),
	(179, NULL, NULL, 1, '2023-02-05', 1, 3),
	(180, NULL, NULL, 1, '2023-02-06', 1, 3),
	(181, NULL, NULL, 7, '2023-02-07', 1, 3),
	(182, NULL, NULL, 7, '2023-02-08', 1, 3),
	(183, NULL, NULL, 9, '2023-02-09', 1, 3),
	(184, NULL, NULL, 7, '2023-02-10', 1, 3),
	(185, NULL, NULL, 1, '2023-02-11', 1, 3),
	(186, NULL, NULL, 7, '2023-02-12', 1, 3),
	(187, NULL, NULL, 8, '2023-02-13', 1, 3),
	(188, NULL, NULL, 8, '2023-02-14', 1, 3),
	(189, NULL, NULL, 8, '2023-02-15', 1, 3),
	(190, NULL, NULL, 3, '2023-02-16', 1, 3),
	(191, NULL, NULL, 2, '2023-02-17', 1, 3),
	(192, NULL, NULL, 1, '2023-02-18', 1, 3),
	(193, NULL, NULL, 1, '2023-02-19', 1, 3),
	(194, NULL, NULL, 5, '2023-02-20', 1, 3),
	(195, NULL, NULL, 7, '2023-02-21', 1, 3),
	(196, NULL, NULL, 9, '2023-02-22', 1, 3),
	(197, NULL, NULL, 9, '2023-02-23', 1, 3),
	(198, NULL, NULL, 5, '2023-02-24', 1, 3),
	(199, NULL, NULL, 1, '2023-02-25', 1, 3),
	(200, NULL, NULL, 9, '2023-02-26', 1, 3),
	(201, NULL, NULL, 6, '2023-02-27', 1, 3),
	(202, NULL, NULL, 6, '2023-02-28', 1, 3),
	(203, NULL, NULL, 4, '2023-03-01', 1, 3),
	(204, NULL, NULL, 8, '2023-03-02', 1, 3),
	(205, NULL, NULL, 6, '2023-03-03', 1, 3),
	(206, NULL, NULL, 5, '2023-03-04', 1, 3),
	(207, NULL, NULL, 2, '2023-03-05', 1, 3),
	(208, NULL, NULL, 1, '2023-03-06', 1, 3),
	(209, NULL, NULL, 4, '2023-03-07', 1, 3),
	(210, NULL, NULL, 3, '2023-03-08', 1, 3),
	(211, NULL, NULL, 1, '2023-03-09', 1, 3),
	(212, NULL, NULL, 4, '2023-03-10', 1, 3),
	(213, NULL, NULL, 6, '2023-03-11', 1, 3),
	(214, NULL, NULL, 6, '2023-03-12', 1, 3),
	(215, NULL, NULL, 3, '2023-03-13', 1, 3),
	(216, NULL, NULL, 1, '2023-03-14', 1, 3),
	(217, NULL, NULL, 7, '2023-03-15', 1, 3),
	(218, NULL, NULL, 6, '2023-03-16', 1, 3),
	(219, NULL, NULL, 8, '2023-03-17', 1, 3),
	(220, NULL, NULL, 4, '2023-03-18', 1, 3),
	(221, NULL, NULL, 1, '2023-03-19', 1, 3),
	(222, NULL, NULL, 4, '2023-03-20', 1, 3),
	(223, NULL, NULL, 6, '2023-03-21', 1, 3),
	(224, NULL, NULL, 6, '2023-03-22', 1, 3),
	(225, NULL, NULL, 8, '2023-03-23', 1, 3),
	(226, NULL, NULL, 6, '2023-03-24', 1, 3),
	(227, NULL, NULL, 7, '2023-03-25', 1, 3),
	(228, NULL, NULL, 9, '2023-03-26', 1, 3),
	(229, NULL, NULL, 5, '2023-03-27', 1, 3),
	(230, NULL, NULL, 7, '2023-03-28', 1, 3),
	(231, NULL, NULL, 6, '2023-03-29', 1, 3),
	(232, NULL, NULL, 2, '2023-03-30', 1, 3),
	(233, NULL, NULL, 8, '2023-04-01', 1, 3),
	(234, NULL, NULL, 1, '2023-04-02', 1, 3),
	(235, NULL, NULL, 6, '2023-04-03', 1, 3),
	(236, NULL, NULL, 1, '2023-04-04', 1, 3),
	(237, NULL, NULL, 8, '2023-04-05', 1, 3),
	(238, NULL, NULL, 2, '2023-04-06', 1, 3),
	(239, NULL, NULL, 3, '2023-04-07', 1, 3),
	(240, NULL, NULL, 5, '2023-04-08', 1, 3),
	(241, NULL, NULL, 8, '2023-04-09', 1, 3),
	(242, NULL, NULL, 6, '2023-04-10', 1, 3),
	(243, NULL, NULL, 5, '2023-04-11', 1, 3),
	(244, NULL, NULL, 9, '2023-04-12', 1, 3),
	(245, NULL, NULL, 9, '2023-04-13', 1, 3),
	(246, NULL, NULL, 9, '2023-04-14', 1, 3),
	(247, NULL, NULL, 5, '2023-04-15', 1, 3),
	(248, NULL, NULL, 7, '2023-04-16', 1, 3),
	(249, NULL, NULL, 9, '2023-04-17', 1, 3),
	(250, NULL, NULL, 8, '2023-04-18', 1, 3),
	(251, NULL, NULL, 9, '2023-04-19', 1, 3),
	(252, NULL, NULL, 9, '2023-04-20', 1, 3),
	(253, NULL, NULL, 7, '2023-04-21', 1, 3),
	(254, NULL, NULL, 4, '2023-04-22', 1, 3),
	(255, NULL, NULL, 7, '2023-04-23', 1, 3),
	(256, NULL, NULL, 7, '2023-04-24', 1, 3),
	(257, NULL, NULL, 3, '2023-04-25', 1, 3),
	(258, NULL, NULL, 5, '2023-04-26', 1, 3),
	(259, NULL, NULL, 3, '2023-04-27', 1, 3),
	(260, NULL, NULL, 8, '2023-04-28', 1, 3),
	(261, NULL, NULL, 9, '2023-04-29', 1, 3),
	(262, NULL, NULL, 3, '2023-04-30', 1, 3),
	(263, NULL, NULL, 1, '2023-01-01', 2, 3),
	(264, NULL, NULL, 7, '2023-01-02', 2, 3),
	(265, NULL, NULL, 6, '2023-01-03', 2, 3),
	(266, NULL, NULL, 1, '2023-01-04', 2, 3),
	(267, NULL, NULL, 5, '2023-01-05', 2, 3),
	(268, NULL, NULL, 5, '2023-01-06', 2, 3),
	(269, NULL, NULL, 5, '2023-01-07', 2, 3),
	(270, NULL, NULL, 1, '2023-01-08', 2, 3),
	(271, NULL, NULL, 9, '2023-01-09', 2, 3),
	(272, NULL, NULL, 8, '2023-01-10', 2, 3),
	(273, NULL, NULL, 1, '2023-01-11', 2, 3),
	(274, NULL, NULL, 3, '2023-01-12', 2, 3),
	(275, NULL, NULL, 6, '2023-01-13', 2, 3),
	(276, NULL, NULL, 3, '2023-01-14', 2, 3),
	(277, NULL, NULL, 5, '2023-01-15', 2, 3),
	(278, NULL, NULL, 9, '2023-01-16', 2, 3),
	(279, NULL, NULL, 2, '2023-01-17', 2, 3),
	(280, NULL, NULL, 6, '2023-01-18', 2, 3),
	(281, NULL, NULL, 7, '2023-01-19', 2, 3),
	(282, NULL, NULL, 8, '2023-01-20', 2, 3),
	(283, NULL, NULL, 4, '2023-01-21', 2, 3),
	(284, NULL, NULL, 2, '2023-01-22', 2, 3),
	(285, NULL, NULL, 7, '2023-01-23', 2, 3),
	(286, NULL, NULL, 2, '2023-01-24', 2, 3),
	(287, NULL, NULL, 1, '2023-01-25', 2, 3),
	(288, NULL, NULL, 8, '2023-01-26', 2, 3),
	(289, NULL, NULL, 1, '2023-01-27', 2, 3),
	(290, NULL, NULL, 6, '2023-01-28', 2, 3),
	(291, NULL, NULL, 4, '2023-01-29', 2, 3),
	(292, NULL, NULL, 1, '2023-01-30', 2, 3),
	(293, NULL, NULL, 1, '2023-02-01', 2, 3),
	(294, NULL, NULL, 3, '2023-02-02', 2, 3),
	(295, NULL, NULL, 6, '2023-02-03', 2, 3),
	(296, NULL, NULL, 7, '2023-02-04', 2, 3),
	(297, NULL, NULL, 8, '2023-02-05', 2, 3),
	(298, NULL, NULL, 6, '2023-02-06', 2, 3),
	(299, NULL, NULL, 2, '2023-02-07', 2, 3),
	(300, NULL, NULL, 7, '2023-02-08', 2, 3),
	(301, NULL, NULL, 2, '2023-02-09', 2, 3),
	(302, NULL, NULL, 7, '2023-02-10', 2, 3),
	(303, NULL, NULL, 7, '2023-02-11', 2, 3),
	(304, NULL, NULL, 4, '2023-02-12', 2, 3),
	(305, NULL, NULL, 5, '2023-02-13', 2, 3),
	(306, NULL, NULL, 8, '2023-02-14', 2, 3),
	(307, NULL, NULL, 8, '2023-02-15', 2, 3),
	(308, NULL, NULL, 9, '2023-02-16', 2, 3),
	(309, NULL, NULL, 2, '2023-02-17', 2, 3),
	(310, NULL, NULL, 3, '2023-02-18', 2, 3),
	(311, NULL, NULL, 8, '2023-02-19', 2, 3),
	(312, NULL, NULL, 9, '2023-02-20', 2, 3),
	(313, NULL, NULL, 9, '2023-02-21', 2, 3),
	(314, NULL, NULL, 2, '2023-02-22', 2, 3),
	(315, NULL, NULL, 7, '2023-02-23', 2, 3),
	(316, NULL, NULL, 7, '2023-02-24', 2, 3),
	(317, NULL, NULL, 7, '2023-02-25', 2, 3),
	(318, NULL, NULL, 5, '2023-02-26', 2, 3),
	(319, NULL, NULL, 9, '2023-02-27', 2, 3),
	(320, NULL, NULL, 7, '2023-02-28', 2, 3),
	(321, NULL, NULL, 1, '2023-03-01', 2, 3),
	(322, NULL, NULL, 9, '2023-03-02', 2, 3),
	(323, NULL, NULL, 6, '2023-03-03', 2, 3),
	(324, NULL, NULL, 9, '2023-03-04', 2, 3),
	(325, NULL, NULL, 5, '2023-03-05', 2, 3),
	(326, NULL, NULL, 2, '2023-03-06', 2, 3),
	(327, NULL, NULL, 8, '2023-03-07', 2, 3),
	(328, NULL, NULL, 1, '2023-03-08', 2, 3),
	(329, NULL, NULL, 4, '2023-03-09', 2, 3),
	(330, NULL, NULL, 2, '2023-03-10', 2, 3),
	(331, NULL, NULL, 3, '2023-03-11', 2, 3),
	(332, NULL, NULL, 3, '2023-03-12', 2, 3),
	(333, NULL, NULL, 4, '2023-03-13', 2, 3),
	(334, NULL, NULL, 9, '2023-03-14', 2, 3),
	(335, NULL, NULL, 1, '2023-03-15', 2, 3),
	(336, NULL, NULL, 6, '2023-03-16', 2, 3),
	(337, NULL, NULL, 3, '2023-03-17', 2, 3),
	(338, NULL, NULL, 4, '2023-03-18', 2, 3),
	(339, NULL, NULL, 7, '2023-03-19', 2, 3),
	(340, NULL, NULL, 5, '2023-03-20', 2, 3),
	(341, NULL, NULL, 4, '2023-03-21', 2, 3),
	(342, NULL, NULL, 3, '2023-03-22', 2, 3),
	(343, NULL, NULL, 7, '2023-03-23', 2, 3),
	(344, NULL, NULL, 9, '2023-03-24', 2, 3),
	(345, NULL, NULL, 5, '2023-03-25', 2, 3),
	(346, NULL, NULL, 4, '2023-03-26', 2, 3),
	(347, NULL, NULL, 3, '2023-03-27', 2, 3),
	(348, NULL, NULL, 1, '2023-03-28', 2, 3),
	(349, NULL, NULL, 5, '2023-03-29', 2, 3),
	(350, NULL, NULL, 5, '2023-03-30', 2, 3),
	(351, NULL, NULL, 8, '2023-04-01', 2, 3),
	(352, NULL, NULL, 6, '2023-04-02', 2, 3),
	(353, NULL, NULL, 7, '2023-04-03', 2, 3),
	(354, NULL, NULL, 8, '2023-04-04', 2, 3),
	(355, NULL, NULL, 4, '2023-04-05', 2, 3),
	(356, '2023-04-06 08:13:44.000000', NULL, 4, '2023-04-06', 2, 3),
	(357, NULL, NULL, 4, '2023-04-07', 2, 3),
	(358, NULL, NULL, 1, '2023-04-08', 2, 3),
	(359, NULL, NULL, 1, '2023-04-09', 2, 3),
	(360, NULL, NULL, 7, '2023-04-10', 2, 3),
	(361, NULL, NULL, 4, '2023-04-11', 2, 3),
	(362, NULL, NULL, 9, '2023-04-12', 2, 3),
	(363, NULL, NULL, 9, '2023-04-13', 2, 3),
	(364, NULL, NULL, 2, '2023-04-14', 2, 3),
	(365, NULL, NULL, 1, '2023-04-15', 2, 3),
	(366, NULL, NULL, 3, '2023-04-16', 2, 3),
	(367, NULL, NULL, 6, '2023-04-17', 2, 3),
	(368, NULL, NULL, 4, '2023-04-18', 2, 3),
	(369, NULL, NULL, 1, '2023-04-19', 2, 3),
	(370, NULL, NULL, 2, '2023-04-20', 2, 3),
	(371, NULL, NULL, 5, '2023-04-21', 2, 3),
	(372, NULL, NULL, 6, '2023-04-22', 2, 3),
	(373, NULL, NULL, 2, '2023-04-23', 2, 3),
	(374, NULL, NULL, 3, '2023-04-24', 2, 3),
	(375, NULL, NULL, 7, '2023-04-25', 2, 3),
	(376, NULL, NULL, 3, '2023-04-26', 2, 3),
	(377, NULL, NULL, 6, '2023-04-27', 2, 3),
	(378, NULL, NULL, 9, '2023-04-28', 2, 3),
	(379, NULL, NULL, 7, '2023-04-29', 2, 3),
	(380, NULL, NULL, 6, '2023-04-30', 2, 3),
	(381, NULL, NULL, 6, '2023-01-01', 3, 3),
	(382, NULL, NULL, 8, '2023-01-02', 3, 3),
	(383, NULL, NULL, 6, '2023-01-03', 3, 3),
	(384, NULL, NULL, 8, '2023-01-04', 3, 3),
	(385, NULL, NULL, 9, '2023-01-05', 3, 3),
	(386, NULL, NULL, 5, '2023-01-06', 3, 3),
	(387, NULL, NULL, 6, '2023-01-07', 3, 3),
	(388, NULL, NULL, 5, '2023-01-08', 3, 3),
	(389, NULL, NULL, 8, '2023-01-09', 3, 3),
	(390, NULL, NULL, 5, '2023-01-10', 3, 3),
	(391, NULL, NULL, 1, '2023-01-11', 3, 3),
	(392, NULL, NULL, 1, '2023-01-12', 3, 3),
	(393, NULL, NULL, 9, '2023-01-13', 3, 3),
	(394, NULL, NULL, 1, '2023-01-14', 3, 3),
	(395, NULL, NULL, 1, '2023-01-15', 3, 3),
	(396, NULL, NULL, 9, '2023-01-16', 3, 3),
	(397, NULL, NULL, 5, '2023-01-17', 3, 3),
	(398, NULL, NULL, 7, '2023-01-18', 3, 3),
	(399, NULL, NULL, 9, '2023-01-19', 3, 3),
	(400, NULL, NULL, 2, '2023-01-20', 3, 3),
	(401, NULL, NULL, 5, '2023-01-21', 3, 3),
	(402, NULL, NULL, 5, '2023-01-22', 3, 3),
	(403, NULL, NULL, 9, '2023-01-23', 3, 3),
	(404, NULL, NULL, 1, '2023-01-24', 3, 3),
	(405, NULL, NULL, 8, '2023-01-25', 3, 3),
	(406, NULL, NULL, 7, '2023-01-26', 3, 3),
	(407, NULL, NULL, 4, '2023-01-27', 3, 3),
	(408, NULL, NULL, 3, '2023-01-28', 3, 3),
	(409, NULL, NULL, 5, '2023-01-29', 3, 3),
	(410, NULL, NULL, 6, '2023-01-30', 3, 3),
	(411, NULL, NULL, 5, '2023-02-01', 3, 3),
	(412, NULL, NULL, 3, '2023-02-02', 3, 3),
	(413, NULL, NULL, 5, '2023-02-03', 3, 3),
	(414, NULL, NULL, 6, '2023-02-04', 3, 3),
	(415, NULL, NULL, 9, '2023-02-05', 3, 3),
	(416, NULL, NULL, 7, '2023-02-06', 3, 3),
	(417, NULL, NULL, 3, '2023-02-07', 3, 3),
	(418, NULL, NULL, 1, '2023-02-08', 3, 3),
	(419, NULL, NULL, 6, '2023-02-09', 3, 3),
	(420, NULL, NULL, 4, '2023-02-10', 3, 3),
	(421, NULL, NULL, 9, '2023-02-11', 3, 3),
	(422, NULL, NULL, 2, '2023-02-12', 3, 3),
	(423, NULL, NULL, 4, '2023-02-13', 3, 3),
	(424, NULL, NULL, 1, '2023-02-14', 3, 3),
	(425, NULL, NULL, 9, '2023-02-15', 3, 3),
	(426, NULL, NULL, 8, '2023-02-16', 3, 3),
	(427, NULL, NULL, 7, '2023-02-17', 3, 3),
	(428, NULL, NULL, 1, '2023-02-18', 3, 3),
	(429, NULL, NULL, 4, '2023-02-19', 3, 3),
	(430, NULL, NULL, 4, '2023-02-20', 3, 3),
	(431, NULL, NULL, 5, '2023-02-21', 3, 3),
	(432, NULL, NULL, 9, '2023-02-22', 3, 3),
	(433, NULL, NULL, 7, '2023-02-23', 3, 3),
	(434, NULL, NULL, 1, '2023-02-24', 3, 3),
	(435, NULL, NULL, 4, '2023-02-25', 3, 3),
	(436, NULL, NULL, 8, '2023-02-26', 3, 3),
	(437, NULL, NULL, 6, '2023-02-27', 3, 3),
	(438, NULL, NULL, 7, '2023-02-28', 3, 3),
	(439, NULL, NULL, 5, '2023-03-01', 3, 3),
	(440, NULL, NULL, 1, '2023-03-02', 3, 3),
	(441, NULL, NULL, 1, '2023-03-03', 3, 3),
	(442, NULL, NULL, 7, '2023-03-04', 3, 3),
	(443, NULL, NULL, 9, '2023-03-05', 3, 3),
	(444, NULL, NULL, 2, '2023-03-06', 3, 3),
	(445, NULL, NULL, 2, '2023-03-07', 3, 3),
	(446, NULL, NULL, 3, '2023-03-08', 3, 3),
	(447, NULL, NULL, 7, '2023-03-09', 3, 3),
	(448, NULL, NULL, 3, '2023-03-10', 3, 3),
	(449, NULL, NULL, 4, '2023-03-11', 3, 3),
	(450, NULL, NULL, 8, '2023-03-12', 3, 3),
	(451, NULL, NULL, 6, '2023-03-13', 3, 3),
	(452, NULL, NULL, 3, '2023-03-14', 3, 3),
	(453, NULL, NULL, 6, '2023-03-15', 3, 3),
	(454, NULL, NULL, 3, '2023-03-16', 3, 3),
	(455, NULL, NULL, 7, '2023-03-17', 3, 3),
	(456, NULL, NULL, 2, '2023-03-18', 3, 3),
	(457, NULL, NULL, 3, '2023-03-19', 3, 3),
	(458, NULL, NULL, 5, '2023-03-20', 3, 3),
	(459, NULL, NULL, 6, '2023-03-21', 3, 3),
	(460, NULL, NULL, 7, '2023-03-22', 3, 3),
	(461, NULL, NULL, 3, '2023-03-23', 3, 3),
	(462, NULL, NULL, 6, '2023-03-24', 3, 3),
	(463, NULL, NULL, 8, '2023-03-25', 3, 3),
	(464, NULL, NULL, 8, '2023-03-26', 3, 3),
	(465, NULL, NULL, 2, '2023-03-27', 3, 3),
	(466, NULL, NULL, 2, '2023-03-28', 3, 3),
	(467, NULL, NULL, 7, '2023-03-29', 3, 3),
	(468, NULL, NULL, 9, '2023-03-30', 3, 3),
	(469, NULL, NULL, 9, '2023-04-01', 3, 3),
	(470, NULL, NULL, 8, '2023-04-02', 3, 3),
	(471, NULL, NULL, 6, '2023-04-03', 3, 3),
	(472, NULL, NULL, 4, '2023-04-04', 3, 3),
	(473, NULL, NULL, 6, '2023-04-05', 3, 3),
	(474, '2023-04-06 08:05:23.000000', NULL, 5, '2023-04-06', 3, 3),
	(475, NULL, NULL, 5, '2023-04-07', 3, 3),
	(476, NULL, NULL, 4, '2023-04-08', 3, 3),
	(477, NULL, NULL, 6, '2023-04-09', 3, 3),
	(478, NULL, NULL, 7, '2023-04-10', 3, 3),
	(479, NULL, NULL, 5, '2023-04-11', 3, 3),
	(480, NULL, NULL, 8, '2023-04-12', 3, 3),
	(481, NULL, NULL, 4, '2023-04-13', 3, 3),
	(482, NULL, NULL, 2, '2023-04-14', 3, 3),
	(483, NULL, NULL, 3, '2023-04-15', 3, 3),
	(484, NULL, NULL, 9, '2023-04-16', 3, 3),
	(485, NULL, NULL, 5, '2023-04-17', 3, 3),
	(486, NULL, NULL, 3, '2023-04-18', 3, 3),
	(487, NULL, NULL, 1, '2023-04-19', 3, 3),
	(488, NULL, NULL, 2, '2023-04-20', 3, 3),
	(489, NULL, NULL, 3, '2023-04-21', 3, 3),
	(490, NULL, NULL, 5, '2023-04-22', 3, 3),
	(491, NULL, NULL, 5, '2023-04-23', 3, 3),
	(492, NULL, NULL, 3, '2023-04-24', 3, 3),
	(493, NULL, NULL, 6, '2023-04-25', 3, 3),
	(494, NULL, NULL, 9, '2023-04-26', 3, 3),
	(495, NULL, NULL, 1, '2023-04-27', 3, 3),
	(496, NULL, NULL, 1, '2023-04-28', 3, 3),
	(497, NULL, NULL, 4, '2023-04-29', 3, 3),
	(498, NULL, NULL, 8, '2023-04-30', 3, 3),
	(499, NULL, NULL, 4, '2023-01-01', 4, 3),
	(500, NULL, NULL, 2, '2023-01-02', 4, 3),
	(501, NULL, NULL, 1, '2023-01-03', 4, 3),
	(502, NULL, NULL, 5, '2023-01-04', 4, 3),
	(503, NULL, NULL, 8, '2023-01-05', 4, 3),
	(504, NULL, NULL, 7, '2023-01-06', 4, 3),
	(505, NULL, NULL, 8, '2023-01-07', 4, 3),
	(506, NULL, NULL, 1, '2023-01-08', 4, 3),
	(507, NULL, NULL, 6, '2023-01-09', 4, 3),
	(508, NULL, NULL, 1, '2023-01-10', 4, 3),
	(509, NULL, NULL, 6, '2023-01-11', 4, 3),
	(510, NULL, NULL, 2, '2023-01-12', 4, 3),
	(511, NULL, NULL, 1, '2023-01-13', 4, 3),
	(512, NULL, NULL, 4, '2023-01-14', 4, 3),
	(513, NULL, NULL, 6, '2023-01-15', 4, 3),
	(514, NULL, NULL, 7, '2023-01-16', 4, 3),
	(515, NULL, NULL, 1, '2023-01-17', 4, 3),
	(516, NULL, NULL, 5, '2023-01-18', 4, 3),
	(517, NULL, NULL, 5, '2023-01-19', 4, 3),
	(518, NULL, NULL, 5, '2023-01-20', 4, 3),
	(519, NULL, NULL, 5, '2023-01-21', 4, 3),
	(520, NULL, NULL, 9, '2023-01-22', 4, 3),
	(521, NULL, NULL, 9, '2023-01-23', 4, 3),
	(522, NULL, NULL, 4, '2023-01-24', 4, 3),
	(523, NULL, NULL, 5, '2023-01-25', 4, 3),
	(524, NULL, NULL, 9, '2023-01-26', 4, 3),
	(525, NULL, NULL, 5, '2023-01-27', 4, 3),
	(526, NULL, NULL, 5, '2023-01-28', 4, 3),
	(527, NULL, NULL, 5, '2023-01-29', 4, 3),
	(528, NULL, NULL, 6, '2023-01-30', 4, 3),
	(529, NULL, NULL, 2, '2023-02-01', 4, 3),
	(530, NULL, NULL, 1, '2023-02-02', 4, 3),
	(531, NULL, NULL, 4, '2023-02-03', 4, 3),
	(532, NULL, NULL, 3, '2023-02-04', 4, 3),
	(533, NULL, NULL, 8, '2023-02-05', 4, 3),
	(534, NULL, NULL, 6, '2023-02-06', 4, 3),
	(535, NULL, NULL, 1, '2023-02-07', 4, 3),
	(536, NULL, NULL, 3, '2023-02-08', 4, 3),
	(537, NULL, NULL, 1, '2023-02-09', 4, 3),
	(538, NULL, NULL, 2, '2023-02-10', 4, 3),
	(539, NULL, NULL, 2, '2023-02-11', 4, 3),
	(540, NULL, NULL, 5, '2023-02-12', 4, 3),
	(541, NULL, NULL, 8, '2023-02-13', 4, 3),
	(542, NULL, NULL, 8, '2023-02-14', 4, 3),
	(543, NULL, NULL, 1, '2023-02-15', 4, 3),
	(544, NULL, NULL, 2, '2023-02-16', 4, 3),
	(545, NULL, NULL, 3, '2023-02-17', 4, 3),
	(546, NULL, NULL, 8, '2023-02-18', 4, 3),
	(547, NULL, NULL, 4, '2023-02-19', 4, 3),
	(548, NULL, NULL, 2, '2023-02-20', 4, 3),
	(549, NULL, NULL, 2, '2023-02-21', 4, 3),
	(550, NULL, NULL, 3, '2023-02-22', 4, 3),
	(551, NULL, NULL, 3, '2023-02-23', 4, 3),
	(552, NULL, NULL, 1, '2023-02-24', 4, 3),
	(553, NULL, NULL, 1, '2023-02-25', 4, 3),
	(554, NULL, NULL, 5, '2023-02-26', 4, 3),
	(555, NULL, NULL, 9, '2023-02-27', 4, 3),
	(556, NULL, NULL, 8, '2023-02-28', 4, 3),
	(557, NULL, NULL, 2, '2023-03-01', 4, 3),
	(558, NULL, NULL, 5, '2023-03-02', 4, 3),
	(559, NULL, NULL, 5, '2023-03-03', 4, 3),
	(560, NULL, NULL, 5, '2023-03-04', 4, 3),
	(561, NULL, NULL, 8, '2023-03-05', 4, 3),
	(562, NULL, NULL, 5, '2023-03-06', 4, 3),
	(563, NULL, NULL, 7, '2023-03-07', 4, 3),
	(564, NULL, NULL, 3, '2023-03-08', 4, 3),
	(565, NULL, NULL, 8, '2023-03-09', 4, 3),
	(566, NULL, NULL, 4, '2023-03-10', 4, 3),
	(567, NULL, NULL, 3, '2023-03-11', 4, 3),
	(568, NULL, NULL, 8, '2023-03-12', 4, 3),
	(569, NULL, NULL, 2, '2023-03-13', 4, 3),
	(570, NULL, NULL, 3, '2023-03-14', 4, 3),
	(571, NULL, NULL, 1, '2023-03-15', 4, 3),
	(572, NULL, NULL, 9, '2023-03-16', 4, 3),
	(573, NULL, NULL, 6, '2023-03-17', 4, 3),
	(574, NULL, NULL, 4, '2023-03-18', 4, 3),
	(575, NULL, NULL, 9, '2023-03-19', 4, 3),
	(576, NULL, NULL, 7, '2023-03-20', 4, 3),
	(577, NULL, NULL, 6, '2023-03-21', 4, 3),
	(578, NULL, NULL, 7, '2023-03-22', 4, 3),
	(579, NULL, NULL, 8, '2023-03-23', 4, 3),
	(580, NULL, NULL, 8, '2023-03-24', 4, 3),
	(581, NULL, NULL, 1, '2023-03-25', 4, 3),
	(582, NULL, NULL, 4, '2023-03-26', 4, 3),
	(583, NULL, NULL, 2, '2023-03-27', 4, 3),
	(584, NULL, NULL, 2, '2023-03-28', 4, 3),
	(585, NULL, NULL, 9, '2023-03-29', 4, 3),
	(586, NULL, NULL, 2, '2023-03-30', 4, 3),
	(587, NULL, NULL, 7, '2023-04-01', 4, 3),
	(588, NULL, NULL, 5, '2023-04-02', 4, 3),
	(589, NULL, NULL, 2, '2023-04-03', 4, 3),
	(590, NULL, NULL, 4, '2023-04-04', 4, 3),
	(591, NULL, NULL, 1, '2023-04-05', 4, 3),
	(592, '2023-04-06 05:53:57.000000', NULL, 6, '2023-04-06', 4, 3),
	(593, NULL, NULL, 7, '2023-04-07', 4, 3),
	(594, NULL, NULL, 6, '2023-04-08', 4, 3),
	(595, NULL, NULL, 5, '2023-04-09', 4, 3),
	(596, NULL, NULL, 3, '2023-04-10', 4, 3),
	(597, NULL, NULL, 5, '2023-04-11', 4, 3),
	(598, NULL, NULL, 5, '2023-04-12', 4, 3),
	(599, NULL, NULL, 8, '2023-04-13', 4, 3),
	(600, NULL, NULL, 4, '2023-04-14', 4, 3),
	(601, NULL, NULL, 5, '2023-04-15', 4, 3),
	(602, NULL, NULL, 9, '2023-04-16', 4, 3),
	(603, NULL, NULL, 2, '2023-04-17', 4, 3),
	(604, NULL, NULL, 1, '2023-04-18', 4, 3),
	(605, NULL, NULL, 1, '2023-04-19', 4, 3),
	(606, NULL, NULL, 2, '2023-04-20', 4, 3),
	(607, NULL, NULL, 1, '2023-04-21', 4, 3),
	(608, NULL, NULL, 7, '2023-04-22', 4, 3),
	(609, NULL, NULL, 9, '2023-04-23', 4, 3),
	(610, NULL, NULL, 8, '2023-04-24', 4, 3),
	(611, NULL, NULL, 1, '2023-04-25', 4, 3),
	(612, NULL, NULL, 1, '2023-04-26', 4, 3),
	(613, NULL, NULL, 6, '2023-04-27', 4, 3),
	(614, NULL, NULL, 4, '2023-04-28', 4, 3),
	(615, NULL, NULL, 2, '2023-04-29', 4, 3),
	(616, NULL, NULL, 7, '2023-04-30', 4, 3),
	(622, NULL, '2023-04-06 04:24:36.000000', 0, '2023-04-06', 0, 4),
	(623, NULL, '2023-04-06 04:24:36.000000', 0, '2023-04-06', 1, 4),
	(624, NULL, '2023-04-06 04:24:36.000000', 0, '2023-04-06', 2, 4),
	(625, NULL, '2023-04-06 04:24:36.000000', 0, '2023-04-06', 3, 4),
	(626, '2023-04-06 04:24:38.000000', '2023-04-06 04:24:36.000000', 1, '2023-04-06', 4, 4),
	(627, NULL, '2023-04-06 09:16:50.000000', 0, '2023-04-06', 0, 5),
	(628, NULL, '2023-04-06 09:16:50.000000', 0, '2023-04-06', 1, 5),
	(629, '2023-04-06 09:16:52.000000', '2023-04-06 09:16:50.000000', 1, '2023-04-06', 2, 5),
	(630, NULL, '2023-04-06 09:16:50.000000', 0, '2023-04-06', 3, 5),
	(631, NULL, '2023-04-06 09:16:50.000000', 0, '2023-04-06', 4, 5);
/*!40000 ALTER TABLE `daily_emotion` ENABLE KEYS */;

-- 테이블 voda.diary 구조 내보내기
CREATE TABLE IF NOT EXISTS `diary` (
  `diary_seq` bigint(20) NOT NULL AUTO_INCREMENT,
  `mod_dtm` datetime(6) DEFAULT current_timestamp(6),
  `reg_dtm` datetime(6) DEFAULT current_timestamp(6),
  `content` varchar(500) DEFAULT NULL,
  `delete_yn` bit(1) DEFAULT b'0',
  `voice_url` varchar(255) NOT NULL,
  `calendar_seq` bigint(20) NOT NULL,
  `emotion_idx` int(11) DEFAULT NULL,
  PRIMARY KEY (`diary_seq`),
  KEY `FKc2my6s7x354q05j7uen9m5vh` (`calendar_seq`),
  KEY `FKprt66o30to8kdmg9baxeodhg7` (`emotion_idx`),
  CONSTRAINT `FKc2my6s7x354q05j7uen9m5vh` FOREIGN KEY (`calendar_seq`) REFERENCES `calendar` (`calendar_seq`),
  CONSTRAINT `FKprt66o30to8kdmg9baxeodhg7` FOREIGN KEY (`emotion_idx`) REFERENCES `emotion` (`emotion_idx`)
) ENGINE=InnoDB AUTO_INCREMENT=31 DEFAULT CHARSET=utf8mb4 COLLATE=utf8mb4_general_ci;

-- 테이블 데이터 voda.diary:~22 rows (대략적) 내보내기
/*!40000 ALTER TABLE `diary` DISABLE KEYS */;
INSERT INTO `diary` (`diary_seq`, `mod_dtm`, `reg_dtm`, `content`, `delete_yn`, `voice_url`, `calendar_seq`, `emotion_idx`) VALUES
	(1, NULL, '2023-04-05 08:04:04.000000', '여기서 입력을 해요 예를 들어서 도메인이 닷컴 입고 다니고 있잖아요 사실 내가이 정도 바로 연결됩니다', b'0', '143f230b-ab48-4918-beee-a09667af93bc.wav', 3, 3),
	(2, NULL, '2023-04-05 08:33:12.000000', '오늘 하루가 정말 피곤했다 비도 오고 날씨도 안 좋다 밥도 너무 조금 줬어 오늘의 일기 끝', b'0', '3d538843-2235-4249-a99e-548925a2ffdd.wav', 4, 3),
	(4, '2023-04-05 08:47:51.000000', '2023-04-05 08:47:49.000000', '아 기분 좋다 오늘 하루 행복하다', b'0', '4192d33c-91ea-4a4d-aea4-6f0de0c78e32.wav', 124, 4),
	(5, NULL, '2023-04-05 08:52:50.000000', '오늘 친구가 술 먹자는데 고민이 된다', b'0', '76de9b73-75fc-4935-bfe0-6e1381c532a7.wav', 125, 3),
	(6, NULL, '2023-04-05 08:53:47.000000', '아침에 일어났는데 너무 늦게 일어나서 지각할 줄 알았다 그래서 빨리 씻고 나와서 뛰어서 목적지까지 왔다 다행이지 지각은 하지 않았다 하지만 체력적으로 너무 힘들었다 카페에서 맛있는 커피를 먹었다 그리고 술을 마셔서 재밌게 놀았다', b'0', '7caddc76-51b5-4d42-abff-49b80eb24f2e.wav', 125, 3),
	(8, '2023-04-05 09:53:40.000000', '2023-04-05 09:53:39.000000', '길가다가 조 연동을 만나는데 너무 못생겨서 화가났다', b'0', '5d01c284-461a-4921-88e3-4295297455d8.wav', 125, 2),
	(9, '2023-04-05 13:14:15.000000', '2023-04-05 13:14:13.000000', '길가다가 조 연동을 만나는데 너무 못생겨서 화가났다', b'0', '0aad31dd-7316-4d18-96d7-85d5740cd701.wav', 125, 2),
	(10, '2023-04-05 13:15:03.000000', '2023-04-05 13:15:01.000000', '오늘 회사에서 일했는데 빨리 가라고 해서 너무 좋았어', b'0', '03932edd-65f1-4831-ab85-71f8b0537f6f.wav', 125, 4),
	(11, '2023-04-05 13:16:54.000000', '2023-04-05 13:16:53.000000', '오늘 회사에서 일했는데 빨리 가라고 해서 너무 좋았어', b'0', '2c92184a-b4b1-41a1-9598-2333ba268b39.wav', 125, 4),
	(12, '2023-04-05 13:17:23.000000', '2023-04-05 13:17:22.000000', '저는 오늘 전화를 많이 받아서 힘들었어요', b'0', '3dea0e19-0495-4ed3-84ba-54ebeff1fef6.wav', 125, 4),
	(13, '2023-04-05 13:18:04.000000', '2023-04-05 13:18:03.000000', '저는 오늘 회사에서 나를 너무 많이 받아서 힘들었어요', b'0', '92fbe3d0-6fb2-4238-8ee5-8a4b916daac5.wav', 125, 1),
	(16, NULL, NULL, '오늘 B형 시험 봤다. 생각보다 쉬워서 술술 풀었다. 한 시간 남기고 완벽하다 생각해서 제출했고 Pass를 볼 수 있었다. 수료할 때  100만원 받아갈 생각에 군침이 흐른다. B형 합격 후기도미리 적어\n놨다. 최대한 건방지지 않아보이는데 적당히 쉬웠다는 투로 적었다. 대충 문제보고 A형인줄 알았다는 내용이다. 합격 연락은 언제올까?. 설레서 잠을 못이루는 밤이다.\n', b'0', 'april fools.wav', 93, 1),
	(17, NULL, NULL, 'B형 시험이 끝나고 벚꽃을 보러갔다. 한강으로 갔는데 진짜 벚꽃보다 사람이 더 많았다. 그 사람들은 알았을까 삼성전자 SW역량 B형 오너가 될 사람과 같이 있었다는걸. 한강에 왔으니 라면도 먹어\n줬다. 상남자끼리 모여서 그런가 4명이서 라면 8개 쳐먹었다. 불닭이랑 짜파게티랑 섞어먹었는데 군대 생각났다. 친구들은 맥주도 마셨다. 나는 운전해야돼서 안마셨다. 참고로 나는 1종보통을 한 번에 합격한 드라이버중의 드라이버, 남자중 \n의 남자다. 오 카카오에 개발자로 못간다면 카카오 택시 운전기사로라도 들어가야겠다. 정보처리기사 vs 택시운전기사 하면 택시운전기사가 돈 더 많이 번다.\n', b'0', 'april fools.wav', 93, 3),
	(18, NULL, NULL, 'B형 시험이 쉬웠다는건 사실 만우절 죠크다. 친구가 없어서 스스로 장난한 번 쳐봤는데 상상만해도 행복하다. 역량테스트는 A형일지 몰라도 혈액형은 B형이다. 그리고 무엇보다 내일은 일요일이라는\n 생각에 너무 행복하다. 동해물과 백두산이 마르고 닳도록 하느님이 보우하사 우리나라 만세. 울릉도 동남쪽 뱃길따라 이백리 외로운 섬하나 새들의 고양. 그 누가 아무리 자기네 땅이라고 우겨도 독도는 우리 땅. 야! 비! 당장그쳐 뚝!.     \n', b'0', 'april fools.wav', 93, 4),
	(19, '2023-04-06 04:24:38.000000', '2023-04-06 04:24:36.000000', '칭찬 받았어', b'0', 'b4301ab2-839b-4d94-b370-09d1e9bbba44.wav', 127, 4),
	(20, NULL, '2023-04-06 05:51:37.000000', '내일은 특허 프로젝트 최종 발표 날이다 7시 동안 다들 너무 고생했고 멋진 결과물을 내 준 친구들에게 너무 고맙다 내일 발표도 잘 맞춰야 되겠다 오늘은 날이 흐리지만 주말이면 날이 풀린다고 하니 조금만 더 힘내 야겠다 오늘의 얘기 끝', b'0', '7ca4b6d4-cdcb-4188-bcb2-91188be93b64.wav', 128, 3),
	(21, '2023-04-06 05:53:57.000000', '2023-04-06 05:53:55.000000', '내일은 특화 프로젝트 최종 발표 날이다 7주동안 다들 너무 고생했고 멋진 결과물을 내 준 팀원들에게 너무 고맙다 내일 발표도 잘 맞춰야 되겠다 오늘은 날이 흐리지만 주말이면 날이 풀린다고 하니 조금만 더 힘내 하겠다 오늘은 끝', b'0', '0512da25-3ef7-44da-820a-fceb990248be.wav', 128, 4),
	(22, NULL, '2023-04-06 08:05:21.000000', '안녕', b'0', '8e2347dd-45d8-425f-91c0-690f4250d10c.wav', 128, 3),
	(23, '2023-04-06 08:13:44.000000', '2023-04-06 08:13:43.000000', '그거 다 읽으면 한다고 내용 설명을 아 진짜 1분 30초', b'0', '2ad33e03-a2d3-4ffb-a1af-ec524b045313.wav', 128, 2),
	(24, NULL, NULL, '오늘 아침에 너무 늦게 일어났다.열심히 뛰어왔는데.. 9시 정각에 지각을 해버렸다.점심으로 불닭 오므라이스가 나왔는데 정말 맛있었다.커피 내기를 했는데 져버렸다.코딩을 하는데 에러가 많이 떴\n다.하지만 chatGPT도 해결하지 못한 것을 내가 해냈다.하루가 빠르게 갔고 드디어 퇴근이다 !.퇴근하고도 카페 가서 블로그 포스팅을 했다.열일하고 먹는 맥주는 꿀맛이였다.집에 와서는 알고리즘 한 문제를 가볍게 해결했다!.고기가 먹고 싶 \n었지만 다이어트를 해야하니까 참는다.이렇게 오늘 하루 일기 끝.', b'0', 'april fools.wav', 130, 4),
	(25, NULL, '2023-04-06 09:16:51.000000', '아 오늘 존나 급한데 형들이 연락 안 보고 앞으로는 옆에서 계속 달라니까 존나 짜증 났는데 그래도 뭐 그냥 딴 소리 안 해가지고 그냥 넘어간다', b'0', '31d667b9-ef87-43bc-b5c5-6fbcd14ae56a.wav', 131, 3),
	(26, '2023-04-06 10:53:06.014231', '2023-04-06 10:53:06.000000', '오늘 아침에 너무 늦게 일어났다 열심히 뛰어왔는데.. 9시 정각에 지각을 해버렸다 점심으로 불닭 오므라이스가 나왔는데 정말 맛있었다커피 내기를 했는데 져버렸다 코딩을 하는데 에러가 많이 떴다 하지만 chatGPT도 해결하지 못한 것을 내가 해냈다 하루가 빠르게 갔고 드디어 퇴근이다 ! 퇴근하고도 카페 가서 블로그 포스팅을 했다 보통 열일하고 먹는 맥주는 꿀맛이였다 - 행복 집에 와서는 알고리즘 한 문제를 가볍게 해결했다!  고기가 먹고 싶었지만 다이어트를 해야하니까 참는다..  이렇게 오늘 하루 일기 끝 !', b'0', '31d667b9-ef87-43bc-b5c5-6fbcd14ae56a.wav', 138, 4);
/*!40000 ALTER TABLE `diary` ENABLE KEYS */;

-- 테이블 voda.emotion 구조 내보내기
CREATE TABLE IF NOT EXISTS `emotion` (
  `emotion_idx` int(11) NOT NULL,
  `mod_dtm` datetime(6) DEFAULT current_timestamp(6),
  `reg_dtm` datetime(6) DEFAULT current_timestamp(6),
  `img_url` varchar(255) DEFAULT NULL,
  `name` varchar(255) NOT NULL,
  PRIMARY KEY (`emotion_idx`)
) ENGINE=InnoDB DEFAULT CHARSET=utf8mb4 COLLATE=utf8mb4_general_ci;

-- 테이블 데이터 voda.emotion:~5 rows (대략적) 내보내기
/*!40000 ALTER TABLE `emotion` DISABLE KEYS */;
INSERT INTO `emotion` (`emotion_idx`, `mod_dtm`, `reg_dtm`, `img_url`, `name`) VALUES
	(0, '2023-04-05 08:02:43.000000', '2023-04-05 08:02:43.000000', 'sadness.svg', '슬픔'),
	(1, '2023-04-05 08:02:43.000000', '2023-04-05 08:02:43.000000', 'surprise.svg', '놀람'),
	(2, '2023-04-05 08:02:43.000000', '2023-04-05 08:02:43.000000', 'angry.svg', '화남'),
	(3, '2023-04-05 08:02:43.000000', '2023-04-05 08:02:43.000000', 'neutral.svg', '보통'),
	(4, '2023-04-05 08:02:44.000000', '2023-04-05 08:02:44.000000', 'happiness.svg', '행복');
/*!40000 ALTER TABLE `emotion` ENABLE KEYS */;

-- 프로시저 voda.kakao 구조 내보내기
DELIMITER //
CREATE PROCEDURE `kakao`()
begin
declare i int default 1;
while (i <= 10000) do
set @kakaoId = concat('kakaoemail', i);
insert into user (email)
values (@kakaoId);
set i = i +1; 
end while;
end//
DELIMITER ;

-- 테이블 voda.sentence 구조 내보내기
CREATE TABLE IF NOT EXISTS `sentence` (
  `sentence_seq` bigint(20) NOT NULL AUTO_INCREMENT,
  `mod_dtm` datetime(6) DEFAULT current_timestamp(6),
  `reg_dtm` datetime(6) DEFAULT current_timestamp(6),
  `content` varchar(255) NOT NULL,
  `emotion_idx` int(11) NOT NULL,
  `mod_yn` bit(1) DEFAULT b'0',
  `diary_seq` bigint(20) NOT NULL,
  PRIMARY KEY (`sentence_seq`),
  KEY `FKbc5ustu93sei6d7mommwcve0g` (`diary_seq`),
  CONSTRAINT `FKbc5ustu93sei6d7mommwcve0g` FOREIGN KEY (`diary_seq`) REFERENCES `diary` (`diary_seq`)
) ENGINE=InnoDB AUTO_INCREMENT=110 DEFAULT CHARSET=utf8mb4 COLLATE=utf8mb4_general_ci;

-- 테이블 데이터 voda.sentence:~78 rows (대략적) 내보내기
/*!40000 ALTER TABLE `sentence` DISABLE KEYS */;
INSERT INTO `sentence` (`sentence_seq`, `mod_dtm`, `reg_dtm`, `content`, `emotion_idx`, `mod_yn`, `diary_seq`) VALUES
	(1, NULL, '2023-04-05 08:04:06.000000', '여기서 입력을 해요', 3, b'0', 1),
	(2, NULL, '2023-04-05 08:04:06.000000', '예를 들어서 도메인이 닷컴 입고 다니고 있잖아요', 2, b'0', 1),
	(3, NULL, '2023-04-05 08:04:06.000000', '사실 내가이 정도 바로 연결됩니다', 3, b'0', 1),
	(4, NULL, '2023-04-05 08:33:13.000000', '오늘 하루가 정말 피곤했다', 0, b'0', 2),
	(5, NULL, '2023-04-05 08:33:13.000000', '비도 오고 날씨도 안 좋다 밥도 너무 조금 줬어', 3, b'0', 2),
	(6, NULL, '2023-04-05 08:33:13.000000', '오늘의 일기 끝', 3, b'0', 2),
	(8, NULL, '2023-04-05 08:47:51.000000', '아 기분 좋다 오늘 하루 행복하다', 4, b'0', 4),
	(9, NULL, '2023-04-05 08:52:51.000000', '오늘 친구가 술 먹자는데 고민이 된다', 0, b'0', 5),
	(10, NULL, '2023-04-05 08:53:48.000000', '아침에 일어났는데 너무 늦게 일어나서 지각할 줄 알았다', 0, b'0', 6),
	(11, NULL, '2023-04-05 08:53:48.000000', '그래서 빨리 씻고 나와서 뛰어서 목적지까지 왔다 다행이지 지각은 하지 않았다', 3, b'0', 6),
	(12, NULL, '2023-04-05 08:53:48.000000', '하지만 체력적으로 너무 힘들었다', 0, b'0', 6),
	(13, NULL, '2023-04-05 08:53:48.000000', '카페에서 맛있는 커피를 먹었다', 3, b'0', 6),
	(14, NULL, '2023-04-05 08:53:48.000000', '그리고 술을 마셔서 재밌게 놀았다', 4, b'0', 6),
	(16, NULL, '2023-04-05 09:53:40.000000', '길가다가 조 연동을 만나는데 너무 못생겨서 화가났다', 2, b'0', 8),
	(17, NULL, '2023-04-05 13:14:15.000000', '길가다가 조 연동을 만나는데 너무 못생겨서 화가났다', 2, b'0', 9),
	(18, NULL, '2023-04-05 13:15:03.000000', '오늘 회사에서 일했는데 빨리 가라고 해서 너무 좋았어', 4, b'0', 10),
	(19, NULL, '2023-04-05 13:16:54.000000', '오늘 회사에서 일했는데 빨리 가라고 해서 너무 좋았어', 4, b'0', 11),
	(20, NULL, '2023-04-05 13:17:23.000000', '저는 오늘 전화를 많이 받아서 힘들었어요', 4, b'0', 12),
	(21, NULL, '2023-04-05 13:18:04.000000', '저는 오늘 회사에서 나를 너무 많이 받아서 힘들었어요', 0, b'0', 13),
	(31, NULL, NULL, '오늘 B형 시험 봤다', 0, b'0', 16),
	(32, NULL, NULL, ' 생각보다 쉬워서 술술 풀었다', 1, b'0', 16),
	(33, NULL, NULL, ' 한 시간 남기고 완벽하다 생각해서 제출했고 Pass를 볼 수 있었다', 1, b'0', 16),
	(34, NULL, NULL, ' 수료할 때  100만원 받아갈 생각에 군침이 흐른다', 1, b'0', 16),
	(35, NULL, NULL, ' B형 합격 후기도미리 적어놨다', 1, b'0', 16),
	(36, NULL, NULL, ' 최대한 건방지지 않아보이는데 적당히 쉬웠다는 투로 적었다', 1, b'0', 16),
	(37, NULL, NULL, ' 대충 문제보고 A형인줄 알았다는 내용이다', 1, b'0', 16),
	(38, NULL, NULL, ' 합격 연락은 언제올까?', 2, b'0', 16),
	(39, NULL, NULL, ' 설레서 잠을 못이루는 밤이다', 2, b'0', 16),
	(51, NULL, NULL, 'B형 시험이 끝나고 벚꽃을 보러갔다', 2, b'0', 17),
	(52, NULL, NULL, ' 한강으로 갔는데 진짜 벚꽃보다 사람이 더 많았다', 3, b'0', 17),
	(53, NULL, NULL, ' 그 사람들은 알았을까 삼성전자 SW역량 B형 오너가 될 사람과 같이 있었다는걸', 0, b'0', 17),
	(54, NULL, NULL, ' 한강에 왔으니 라면도 먹어줬다', 1, b'0', 17),
	(55, NULL, NULL, ' 상남자끼리 모여서 그런가 4명이서 라면 8개 쳐먹었다', 0, b'0', 17),
	(56, NULL, NULL, ' 불닭이랑 짜파게티랑 섞어먹었는데 군대 생각났다', 3, b'0', 17),
	(57, NULL, NULL, ' 친구들은 맥주도 마셨다', 4, b'0', 17),
	(58, NULL, NULL, ' 나는 운전해야돼서 안마셨다', 3, b'0', 17),
	(59, NULL, NULL, ' 참고로 나는 1종보통을 한 번에 합격한 드라이버중의 드라이버, 남자중의 남자다', 3, b'0', 17),
	(60, NULL, NULL, ' 오 카카오에 개발자로 못간다면 카카오 택시 운전기사로라도 들어가야겠다', 4, b'0', 17),
	(61, NULL, NULL, ' 정보처리기사 vs 택시운전기사 하면 택시운전기사가 돈 더 많이 번다', 0, b'0', 17),
	(62, NULL, NULL, 'B형 시험이 쉬웠다는건 사실 만우절 죠크다', 4, b'0', 18),
	(63, NULL, NULL, ' 친구가 없어서 스스로 장난한 번 쳐봤는데 상상만해도 행복하다', 4, b'0', 18),
	(64, NULL, NULL, ' 역량테스트는 A형일지 몰라도 혈액형은 B형이다', 4, b'0', 18),
	(65, NULL, NULL, ' 그리고 무엇보다 내일은 일요일이라는 생각에 너무 행복하다', 4, b'0', 18),
	(66, NULL, NULL, ' 동해물과 백두산이 마르고 닳도록 하느님이 보우하사 우리나라 만세', 4, b'0', 18),
	(67, NULL, NULL, ' 울릉도 동남쪽 뱃길따라 이백리 외로운 섬하나 새들의 고양', 4, b'0', 18),
	(68, NULL, NULL, ' 그 누가 아무리 자기네 땅이라고 우겨도 독도는 우리 땅', 4, b'0', 18),
	(69, NULL, NULL, ' 야! 비! 당장그쳐 뚝!', 4, b'0', 18),
	(70, NULL, '2023-04-06 04:24:38.000000', '칭찬 받았어', 4, b'0', 19),
	(71, NULL, '2023-04-06 05:51:39.000000', '내일은 특허 프로젝트 최종 발표 날이다', 3, b'0', 20),
	(72, NULL, '2023-04-06 05:51:39.000000', '7시 동안 다들 너무 고생했고 멋진 결과물을 내 준 친구들에게 너무 고맙다 내일 발표도 잘 맞춰야 되겠다 오늘은 날이 흐리지만 주말이면 날이 풀린다고 하니 조금만 더 힘내 야겠다 오늘의 얘기 끝', 3, b'0', 20),
	(73, NULL, '2023-04-06 05:53:57.000000', '내일은 특화 프로젝트 최종 발표 날이다', 4, b'0', 21),
	(74, NULL, '2023-04-06 05:53:57.000000', '7주동안 다들 너무 고생했고 멋진 결과물을 내 준 팀원들에게 너무 고맙다 내일 발표도 잘 맞춰야 되겠다 오늘은 날이 흐리지만 주말이면 날이 풀린다고 하니 조금만 더 힘내 하겠다 오늘은 끝', 4, b'0', 21),
	(75, NULL, '2023-04-06 08:05:23.000000', '안녕', 3, b'0', 22),
	(76, NULL, '2023-04-06 08:13:44.000000', '그거 다 읽으면 한다고 내용 설명을 아 진짜 1분 30초', 2, b'0', 23),
	(77, NULL, NULL, '열심히 뛰어왔는데', 2, b'0', 18),
	(78, NULL, NULL, '', 4, b'0', 18),
	(79, NULL, NULL, ' 9시 정각에 지각을 해버렸다', 0, b'0', 18),
	(80, NULL, NULL, '점심으로 불닭 오므라이스가 나왔는데 정말 맛있었다', 2, b'0', 18),
	(81, NULL, NULL, '커피 내기를 했는데 져버렸다', 4, b'0', 18),
	(82, NULL, NULL, '코딩을 하는데 에러가 많이 떴다', 4, b'0', 18),
	(83, NULL, NULL, '하지만 chatGPT도 해결하지 못한 것을 내가 해냈다', 3, b'0', 18),
	(84, NULL, NULL, '하루가 빠르게 갔고 드디어 퇴근이다 !', 4, b'0', 18),
	(85, NULL, NULL, '퇴근하고도 카페 가서 블로그 포스팅을 했다', 4, b'0', 18),
	(86, NULL, NULL, '열일하고 먹는 맥주는 꿀맛이였다', 0, b'0', 18),
	(87, NULL, NULL, '집에 와서는 알고리즘 한 문제를 가볍게 해결했다!', 3, b'0', 18),
	(88, NULL, '2023-04-06 09:16:52.000000', '아 오늘 존나 급한데 형들이 연락 안 보고 앞으로는 옆에서 계속 달라니까 존나 짜증 났는데 그래도 뭐 그냥 딴 소리 안 해가지고 그냥 넘어간다', 2, b'0', 25),
	(98, '2023-04-06 11:04:01.818688', '2023-04-06 11:04:01.000000', '오늘 아침에 너무 늦게 일어났다', 1, b'0', 26),
	(99, '2023-04-06 11:04:01.843175', '2023-04-06 11:04:01.000000', '열심히 뛰어왔는데.. 9시 정각에 지각을 해버렸다', 2, b'0', 26),
	(100, '2023-04-06 11:04:01.873174', '2023-04-06 11:04:01.000000', '점심으로 불닭 오므라이스가 나왔는데 정말 맛있었다', 4, b'0', 26),
	(101, '2023-04-06 11:04:01.907685', '2023-04-06 11:04:01.000000', '커피 내기를 했는데 져버렸다', 0, b'0', 26),
	(102, '2023-04-06 11:04:01.944578', '2023-04-06 11:04:01.000000', '코딩을 하는데 에러가 많이 떴다', 2, b'0', 26),
	(103, '2023-04-06 11:04:01.986707', '2023-04-06 11:04:01.000000', '하지만 chatGPT도 해결하지 못한 것을 내가 해냈다', 4, b'0', 26),
	(104, '2023-04-06 11:04:02.028618', '2023-04-06 11:04:02.000000', '하루가 빠르게 갔고 드디어 퇴근이다 ! ', 4, b'0', 26),
	(105, '2023-04-06 11:04:02.071512', '2023-04-06 11:04:02.000000', '퇴근하고도 카페 가서 블로그 포스팅을 했다', 3, b'0', 26),
	(106, '2023-04-06 11:04:02.136404', '2023-04-06 11:04:02.000000', '열일하고 먹는 맥주는 꿀맛이였다', 4, b'0', 26),
	(107, '2023-04-06 11:04:02.177412', '2023-04-06 11:04:02.000000', '집에 와서는 알고리즘 한 문제를 가볍게 해결했다!', 4, b'0', 26),
	(108, '2023-04-06 11:04:02.235819', '2023-04-06 11:04:02.000000', '고기가 먹고 싶었지만 다이어트를 해야하니까 참는다..', 0, b'0', 26),
	(109, '2023-04-06 11:04:02.302124', '2023-04-06 11:04:02.000000', '이렇게 오늘 하루 일기 끝 ! ', 3, b'0', 26);
/*!40000 ALTER TABLE `sentence` ENABLE KEYS */;

-- 테이블 voda.training_sentence 구조 내보내기
CREATE TABLE IF NOT EXISTS `training_sentence` (
  `training_sentence_idx` bigint(20) NOT NULL AUTO_INCREMENT,
  `mod_dtm` datetime(6) DEFAULT current_timestamp(6),
  `reg_dtm` datetime(6) DEFAULT current_timestamp(6),
  `content` varchar(255) NOT NULL,
  `emotion_idx` int(11) NOT NULL,
  PRIMARY KEY (`training_sentence_idx`),
  KEY `FKluhe5lb1ukhwl31hcik621nrk` (`emotion_idx`),
  CONSTRAINT `FKluhe5lb1ukhwl31hcik621nrk` FOREIGN KEY (`emotion_idx`) REFERENCES `emotion` (`emotion_idx`)
) ENGINE=InnoDB DEFAULT CHARSET=utf8mb4 COLLATE=utf8mb4_general_ci;

-- 테이블 데이터 voda.training_sentence:~0 rows (대략적) 내보내기
/*!40000 ALTER TABLE `training_sentence` DISABLE KEYS */;
/*!40000 ALTER TABLE `training_sentence` ENABLE KEYS */;

-- 테이블 voda.user 구조 내보내기
CREATE TABLE IF NOT EXISTS `user` (
  `user_seq` bigint(20) NOT NULL AUTO_INCREMENT,
  `mod_dtm` datetime(6) DEFAULT current_timestamp(6),
  `reg_dtm` datetime(6) DEFAULT current_timestamp(6),
  `delete_yn` bit(1) DEFAULT b'0',
  `email` varchar(255) NOT NULL,
  `model_id` varchar(255) DEFAULT NULL,
  `nickname` varchar(255) DEFAULT NULL,
  PRIMARY KEY (`user_seq`),
  UNIQUE KEY `UK_ob8kqyqqgmefl0aco34akdtpe` (`email`)
) ENGINE=InnoDB AUTO_INCREMENT=9 DEFAULT CHARSET=utf8mb4 COLLATE=utf8mb4_general_ci;

-- 테이블 데이터 voda.user:~8 rows (대략적) 내보내기
/*!40000 ALTER TABLE `user` DISABLE KEYS */;
INSERT INTO `user` (`user_seq`, `mod_dtm`, `reg_dtm`, `delete_yn`, `email`, `model_id`, `nickname`) VALUES
	(1, '2023-04-05 07:57:32.176152', '2023-04-05 07:57:32.176152', b'0', '', NULL, '안망구'),
	(2, '2023-04-05 07:59:52.488225', '2023-04-05 07:59:52.488225', b'0', '', NULL, '배정현'),
	(3, '2023-04-05 07:59:59.700147', '2023-04-05 07:59:59.700147', b'0', '', NULL, '재히'),
	(4, '2023-04-05 08:00:12.050346', '2023-04-05 08:00:12.050346', b'0', '', NULL, '현동'),
	(5, '2023-04-05 08:00:24.985352', '2023-04-05 08:00:24.985352', b'0', '', NULL, '유현준'),
	(6, '2023-04-05 08:46:44.573703', '2023-04-05 08:46:44.573703', b'0', '', NULL, 'abcd'),
	(7, '2023-04-06 04:26:39.963635', '2023-04-06 04:26:39.963635', b'0', '', NULL, '구경구경'),
	(8, '2023-04-06 05:29:43.410859', '2023-04-06 05:29:43.410859', b'0', '', NULL, '준하');
/*!40000 ALTER TABLE `user` ENABLE KEYS */;

/*!40101 SET SQL_MODE=IFNULL(@OLD_SQL_MODE, '') */;
/*!40014 SET FOREIGN_KEY_CHECKS=IFNULL(@OLD_FOREIGN_KEY_CHECKS, 1) */;
/*!40101 SET CHARACTER_SET_CLIENT=@OLD_CHARACTER_SET_CLIENT */;
/*!40111 SET SQL_NOTES=IFNULL(@OLD_SQL_NOTES, 1) */;
